shop_id,plant,shop_name,TAKT
SHOP-001,PLANT-001,Body Shop,58
SHOP-002,PLANT-001,Paint Shop,72
SHOP-003,PLANT-001,Final Assembly,64
SHOP-004,PLANT-002,Body Shop,61
SHOP-005,PLANT-002,Paint Shop,75
SHOP-006,PLANT-002,Final Assembly,68
SHOP-007,PLANT-003,Body Shop,55
SHOP-008,PLANT-003,Paint Shop,70
SHOP-009,PLANT-003,Final Assembly,62
SHOP-010,PLANT-004,Body Shop,63
SHOP-011,PLANT-004,Paint Shop,78
SHOP-012,PLANT-004,Final Assembly,69
SHOP-013,PLANT-005,Body Shop,57
SHOP-014,PLANT-005,Paint Shop,73
SHOP-015,PLANT-005,Final Assembly,65
